{"cameraMode":{"drawMode":0,"name":"Shaded","section":"Shading Mode"},"sceneLighting":true,"audioPlay":false,"sceneViewState":{"m_AlwaysRefresh":false,"showFog":true,"showSkybox":true,"showFlares":true,"showImageEffects":true,"showParticleSystems":true,"showVisualEffectGraphs":true,"m_FxEnabled":true},"in2DMode":false,"pivot":{"x":-2.088653326034546,"y":-3.9575071334838869,"z":-1.933384895324707},"rotation":{"x":0.19939960539340974,"y":0.48401081562042239,"z":-0.11428770422935486,"w":0.8443546891212463},"size":3.9486236572265627,"orthographic":false}